Source,is_connected,is_interview,is_pass,conversion
Online,98.0,10.0,6.0,6.122448979591836
Referral,7.0,7.0,6.0,85.71428571428571
Total,105.0,17.0,12.0,91.83673469387755
